"","ts_name","AR_coef","se","sigma2"
"ar1","MEI",0.950247755428066,0.0144196682282922,0.105730791382665
