"","site","spp","AR_coef","se","sigma2"
"ar1","PAL","Limacina",0.181855317488866,0.192444470489782,0.955258709042072
