"","AR_coef","se","sigma2"
"ar1",0.149394611714826,0.206859378991839,1.04473582471078
