"","site","spp","AR_coef","se","sigma2","n"
"ar1","PAL","Limacina_rangii",0.181855317488866,0.192444470489782,0.955258709042072,31
