"","ts_name","AR_coef","se","sigma2"
"ar1","ONI",0.972228212526241,0.0105307199706972,0.0397560639998456
