"","ts_name","AR_coef","se","sigma2","n"
"ar1","NGAO",0.94434515176981,0.0164450595748834,0.107797066574063,381
