"","ts_name","AR_coef","se","sigma2","n"
"ar1","GOADI",0.664194651235487,0.0383471059841623,0.561648596950927,381
