,site,spp,AR_coef,se,sigma2
ar1,CCE,N_simplex,0.687508603,0.083600578,0.515779488
