"","ts_name","AR_coef","se","sigma2"
"ar1","PDO",0.869301249399876,0.0159432254040378,0.337889790529663
