"","site","spp","AR_coef","se","sigma2","n"
"ar1","CCE","N_simplex",0.687508603288697,0.0836005781108574,0.522526563154213,71
