"","ts_name","AR_coef","se","sigma2","n"
"ar1","PDO",0.863707535789517,0.0164130470585709,0.337820585567342,972
